{"eval": {"score_val": [0.9467304625199361, 0.8907894736842106, 0.9467304625199361, 0.9440559440559441, 0.8857142857142857], "score_val_mean": 0.9228041256988625, "score_val_std": 0.02827427503768782}, "parameters": {"C": 1.0, "class_weight": null, "dual": false, "fit_intercept": true, "intercept_scaling": 1, "l1_ratio": null, "max_iter": 100, "multi_class": "auto", "n_jobs": null, "penalty": "l2", "random_state": null, "solver": "liblinear", "tol": 0.0001, "verbose": 0, "warm_start": false}, "scoring": {"scoring": "f1_weighted", "cv": 5}}