{"eval": {"score_val": [0.9519500107735401, 0.8972222222222221, 1.0, 0.9437710437710436, 0.8847222222222223], "score_val_mean": 0.9355330997978056, "score_val_std": 0.04133480017898563}, "parameters": {"C": 1.0, "class_weight": null, "dual": false, "fit_intercept": true, "intercept_scaling": 1, "l1_ratio": null, "max_iter": 100, "multi_class": "auto", "n_jobs": null, "penalty": "l2", "random_state": null, "solver": "liblinear", "tol": 0.0001, "verbose": 0, "warm_start": false}, "scoring": {"scoring": "f1_weighted", "cv": 5}}