{"eval": {"score_val": [0.77, 0.9491978609625669, 0.9491978609625669, 0.9467304625199361, 0.9398692810457516], "score_val_mean": 0.9109990930981644, "score_val_std": 0.07058222793324956}, "parameters": {"C": 1.0, "class_weight": null, "dual": false, "fit_intercept": true, "intercept_scaling": 1, "l1_ratio": null, "max_iter": 100, "multi_class": "auto", "n_jobs": null, "penalty": "l2", "random_state": null, "solver": "liblinear", "tol": 0.0001, "verbose": 0, "warm_start": false}, "scoring": {"scoring": "f1_weighted", "cv": 5}}